timestamp,O,H,L,C,V,Mom,rsi
2025-05-15 09:15:00,24694.45,24706.75,24605.2,24622.7,0,,
2025-05-15 09:20:00,24620.0,24625.2,24584.65,24621.7,0,,
2025-05-15 09:25:00,24619.5,24628.55,24601.15,24611.85,0,,
2025-05-15 09:30:00,24611.3,24626.15,24596.3,24596.3,0,,
2025-05-15 09:35:00,24594.65,24594.65,24561.35,24564.05,0,,
2025-05-15 09:40:00,24564.55,24574.85,24538.2,24546.9,0,,
2025-05-15 09:45:00,24545.3,24556.8,24494.45,24547.65,0,,
2025-05-15 09:50:00,24545.9,24585.55,24530.25,24555.4,0,,
2025-05-15 09:55:00,24554.9,24575.65,24540.3,24560.75,0,,
2025-05-15 10:00:00,24560.7,24571.05,24537.35,24542.55,0,,
2025-05-15 10:05:00,24542.45,24553.5,24511.5,24528.7,0,-94.0,
2025-05-15 10:10:00,24527.35,24568.5,24523.15,24561.7,0,-60.0,
2025-05-15 10:15:00,24562.2,24586.8,24546.6,24546.6,0,-65.25,
2025-05-15 10:20:00,24547.8,24571.85,24533.2,24567.55,0,-28.75,
2025-05-15 10:25:00,24568.65,24575.5,24551.45,24564.95,0,0.9000000000014552,
2025-05-15 10:30:00,24564.5,24627.25,24564.5,24622.15,0,75.25,
2025-05-15 10:35:00,24620.8,24738.95,24611.25,24738.85,0,191.1999999999971,
2025-05-15 10:40:00,24742.8,24807.75,24736.5,24745.9,0,190.5,
2025-05-15 10:45:00,24745.35,24763.15,24693.95,24725.2,0,164.45000000000073,
2025-05-15 10:50:00,24724.15,24739.8,24696.8,24704.65,0,162.10000000000218,
2025-05-15 10:55:00,24704.45,24790.15,24703.15,24780.3,0,251.59999999999854,
2025-05-15 11:00:00,24782.8,24783.95,24711.8,24712.3,0,150.59999999999854,
2025-05-15 11:05:00,24711.4,24718.7,24668.05,24693.8,0,147.20000000000073,
2025-05-15 11:10:00,24694.5,24695.15,24600.6,24617.25,0,49.70000000000073,
2025-05-15 11:15:00,24617.7,24683.2,24608.55,24654.6,0,89.64999999999782,
2025-05-15 11:20:00,24654.75,24662.8,24603.75,24614.9,0,-7.25,
2025-05-15 11:25:00,24615.5,24658.0,24614.45,24643.8,0,-95.04999999999927,
2025-05-15 11:30:00,24640.3,24643.55,24607.9,24619.95,0,-125.95000000000073,
2025-05-15 11:35:00,24620.95,24636.25,24601.15,24623.0,0,-102.20000000000073,
2025-05-15 11:40:00,24623.4,24647.3,24613.8,24635.85,0,-68.80000000000291,9.23412822008862
2025-05-15 11:45:00,24636.15,24659.95,24627.85,24628.4,0,-151.89999999999782,6.341219967036424
2025-05-15 11:50:00,24628.7,24631.15,24614.05,24628.8,0,-83.5,7.470895898809366
2025-05-15 11:55:00,24629.8,24651.7,24628.9,24628.9,0,-64.89999999999782,6.730471733614137
2025-05-15 12:00:00,24629.4,24639.75,24616.45,24639.7,0,22.450000000000728,9.344037418261163
2025-05-15 12:05:00,24639.55,24707.9,24639.2,24699.8,0,45.20000000000073,37.40415733006493
2025-05-15 12:10:00,24700.5,24700.5,24651.1,24661.05,0,46.14999999999782,51.06147525463459
2025-05-15 12:15:00,24662.05,24740.05,24662.05,24697.5,0,53.70000000000073,74.98601527271077
2025-05-15 12:20:00,24696.9,24696.9,24637.8,24659.95,0,40.0,57.845500905247924
2025-05-15 12:25:00,24659.65,24659.65,24629.9,24635.55,0,12.549999999999272,46.095863218839746
2025-05-15 12:30:00,24635.95,24652.95,24626.3,24649.8,0,13.950000000000728,25.766521266656213
2025-05-15 12:35:00,24649.35,24699.8,24639.55,24686.05,0,57.64999999999782,34.334172088510826
2025-05-15 12:40:00,24685.65,24687.6,24637.15,24643.55,0,14.75,33.774240172218605
2025-05-15 12:45:00,24643.3,24655.65,24636.15,24648.15,0,19.25,29.943731189868856
2025-05-15 12:50:00,24648.5,24681.8,24639.2,24676.8,0,37.099999999998545,24.405385365939196
2025-05-15 12:55:00,24676.9,24692.2,24675.35,24683.95,0,-15.849999999998545,39.87803702422576
2025-05-15 13:00:00,24683.55,24752.3,24683.55,24734.65,0,73.60000000000218,68.82584144056808
2025-05-15 13:05:00,24734.45,24856.9,24733.6,24814.95,0,117.45000000000073,85.85869926825195
2025-05-15 13:10:00,24813.9,24888.9,24813.9,24886.3,0,226.34999999999854,100.0
2025-05-15 13:15:00,24887.15,24917.8,24850.7,24886.45,0,250.90000000000146,100.0
2025-05-15 13:20:00,24885.75,24888.85,24848.8,24880.05,0,230.25,98.4573644455769
2025-05-15 13:25:00,24881.25,24905.3,24863.25,24903.6,0,217.54999999999927,98.4573644455769
2025-05-15 13:30:00,24905.25,24977.15,24905.25,24965.4,0,321.8500000000022,98.4573644455769
2025-05-15 13:35:00,24965.15,24994.05,24940.1,24984.65,0,336.5,100.0
2025-05-15 13:40:00,24984.15,25003.05,24977.8,24986.25,0,309.4500000000007,100.0
2025-05-15 13:45:00,24987.35,25065.6,24987.25,25040.75,0,356.7999999999993,100.0
2025-05-15 13:50:00,25043.55,25076.35,25041.55,25064.95,0,330.2999999999993,100.0
2025-05-15 13:55:00,25065.9,25089.8,25057.45,25076.65,0,261.7000000000007,100.0
2025-05-15 14:00:00,25074.6,25079.95,25037.05,25071.95,0,185.65000000000146,98.76704757404093
2025-05-15 14:05:00,25071.75,25074.15,25053.25,25063.85,0,177.39999999999782,94.36259876461925
2025-05-15 14:10:00,25063.55,25106.05,25063.55,25091.0,0,210.95000000000073,91.21960825308406
2025-05-15 14:15:00,25091.5,25109.35,25070.5,25098.1,0,194.5,89.42697785345479
2025-05-15 14:20:00,25095.75,25106.0,25078.05,25086.95,0,121.54999999999927,82.23409932378631
2025-05-15 14:25:00,25087.7,25116.25,25083.9,25105.45,0,120.79999999999927,77.47745085129525
2025-05-15 14:30:00,25104.85,25108.15,25044.35,25058.25,0,72.0,47.16970034355024
2025-05-15 14:35:00,25057.0,25090.05,25049.2,25065.55,0,24.799999999999272,27.11557916326647
2025-05-15 14:40:00,25066.2,25088.85,25055.85,25087.45,0,22.5,8.320761736561936
2025-05-15 14:45:00,25089.15,25089.15,25063.65,25070.1,0,-6.55000000000291,8.320761736561936
2025-05-15 14:50:00,25070.55,25076.05,25061.4,25067.05,0,-4.900000000001455,6.638876922602521
2025-05-15 14:55:00,25068.75,25068.75,25040.0,25064.4,0,0.5500000000029104,0.0
2025-05-15 15:00:00,25065.0,25082.15,25048.6,25079.85,0,-11.150000000001455,3.8433231505374823
2025-05-15 15:05:00,25079.9,25085.6,25073.55,25081.05,0,-17.049999999999272,8.260367408645516
2025-05-15 15:10:00,25081.2,25081.75,25056.05,25056.4,0,-30.549999999999272,8.260367408645516
2025-05-15 15:15:00,25055.2,25061.8,25043.65,25050.1,0,-55.35000000000218,4.417044258108033
2025-05-15 15:20:00,25050.45,25063.45,25050.35,25058.3,0,0.049999999999272404,2.1010220199556158
2025-05-15 15:25:00,25057.9,25062.45,25035.3,25035.3,0,-30.25,2.1010220199556158
2025-05-16 09:15:00,25064.65,25065.25,24994.5,25003.7,0,-83.75,2.1010220199556158
2025-05-16 09:20:00,25003.5,25023.7,24984.0,25001.7,0,-68.39999999999782,0.0
2025-05-16 09:25:00,25000.4,25035.25,24993.55,25033.6,0,-33.45000000000073,9.122530517530677
2025-05-16 09:30:00,25033.25,25070.0,25007.85,25009.3,0,-55.10000000000218,10.831795017464858
2025-05-16 09:35:00,25007.7,25024.95,24997.9,25003.15,0,-76.69999999999709,10.831795017464858
2025-05-16 09:40:00,25004.75,25038.8,24983.15,25017.1,0,-63.95000000000073,6.5543627696342845
2025-05-16 09:45:00,25017.25,25030.7,25008.0,25013.5,0,-42.900000000001455,8.335789362392264
2025-05-16 09:50:00,25013.9,25015.4,24975.8,24979.15,0,-70.94999999999709,8.335789362392264
2025-05-16 09:55:00,24977.8,25004.95,24977.8,24992.15,0,-66.14999999999782,7.475685827684714
2025-05-16 10:00:00,24991.55,25028.9,24989.25,25021.8,0,-13.5,20.476266918028582
2025-05-16 10:05:00,25021.85,25023.45,25006.1,25007.05,0,3.349999999998545,31.46857930618778
2025-05-16 10:10:00,25007.1,25008.85,24993.15,25005.15,0,3.4500000000007276,37.73519484761751
2025-05-16 10:15:00,25005.65,25027.35,24999.85,25022.7,0,-10.899999999997817,46.433564524886854
2025-05-16 10:20:00,25022.85,25040.85,24990.35,24993.0,0,-16.299999999999272,44.08321382607446
2025-05-16 10:25:00,24993.2,25013.75,24987.6,25007.45,0,4.299999999999272,51.614675510083366
2025-05-16 10:30:00,25006.9,25013.15,24998.6,25000.3,0,-16.799999999999272,39.725051414408085
2025-05-16 10:35:00,25000.15,25007.6,24983.7,24993.9,0,-19.599999999998545,42.329954984332964
2025-05-16 10:40:00,24994.2,25014.3,24993.85,24996.6,0,17.44999999999709,38.20502271549239
2025-05-16 10:45:00,24996.75,25003.8,24991.8,24996.35,0,4.19999999999709,38.34452246852365
2025-05-16 10:50:00,24995.75,24999.7,24991.45,24991.95,0,-29.849999999998545,36.49503773019913
2025-05-16 10:55:00,24991.2,25004.6,24991.1,25000.9,0,-6.149999999997817,41.58958179201074
2025-05-16 11:00:00,25001.45,25001.45,24979.3,24989.45,0,-15.700000000000728,28.150064274349393
2025-05-16 11:05:00,24989.2,24989.2,24953.05,24956.5,0,-66.20000000000073,18.75268375340222
2025-05-16 11:10:00,24956.1,24975.6,24954.85,24975.45,0,-17.549999999999272,12.75528009195727
2025-05-16 11:15:00,24975.15,24985.3,24969.2,24985.0,0,-22.450000000000728,31.50196368879919
2025-05-16 11:20:00,24984.7,24985.3,24972.6,24978.4,0,-21.899999999997817,46.61057368012729
2025-05-16 11:25:00,24977.6,24978.6,24958.7,24961.9,0,-32.0,42.109266281258094
2025-05-16 11:30:00,24961.85,24994.55,24960.25,24994.45,0,-2.149999999997817,56.69591601774951
2025-05-16 11:35:00,24994.2,24997.9,24985.7,24986.6,0,-9.75,69.4745011252339
2025-05-16 11:40:00,24986.4,24987.7,24975.15,24981.3,0,-10.650000000001455,85.39952185528519
2025-05-16 11:45:00,24981.15,24992.0,24980.7,24986.2,0,-14.700000000000728,80.15753925506489
2025-05-16 11:50:00,24986.0,24988.5,24975.65,24975.95,0,-13.5,72.69635961392005
2025-05-16 11:55:00,24975.4,24981.1,24971.4,24973.55,0,17.049999999999272,67.14233085211048
2025-05-16 12:00:00,24973.7,24991.55,24972.8,24988.95,0,13.5,71.22699448115166
2025-05-16 12:05:00,24989.25,24990.65,24982.2,24983.65,0,-1.3499999999985448,78.52947390383738
2025-05-16 12:10:00,24983.5,24984.4,24974.0,24976.05,0,-2.350000000002183,81.2838084583595
2025-05-16 12:15:00,24974.65,24982.3,24968.8,24979.05,0,17.149999999997817,70.5361459903764
2025-05-16 12:20:00,24979.0,24983.2,24974.7,24977.6,0,-16.850000000002183,62.47896584915777
2025-05-16 12:25:00,24977.3,24988.6,24976.9,24988.55,0,1.9500000000007276,74.4329999666392
2025-05-16 12:30:00,24988.25,25004.1,24982.25,25002.65,0,21.350000000002183,86.33798140580141
2025-05-16 12:35:00,25004.15,25004.6,24991.5,24995.65,0,9.450000000000728,91.29516045517089
2025-05-16 12:40:00,24995.15,25002.6,24992.6,25001.55,0,25.599999999998545,89.0620848869534
2025-05-16 12:45:00,25001.5,25018.5,24999.0,25002.7,0,29.150000000001455,88.12011908826332
2025-05-16 12:50:00,25003.05,25012.9,25000.75,25004.15,0,15.200000000000728,96.82495863309242
2025-05-16 12:55:00,25004.4,25005.6,24988.65,24988.95,0,5.299999999999272,78.32166574288223
2025-05-16 13:00:00,24988.9,24999.6,24986.85,24998.55,0,22.5,70.48850816766362
2025-05-16 13:05:00,24998.85,25007.45,24995.2,24997.05,0,18.0,58.52607312784516
2025-05-16 13:10:00,24997.0,25008.6,24994.9,25006.8,0,29.200000000000728,79.26244158627283
2025-05-16 13:15:00,25006.75,25015.5,25004.1,25010.4,0,21.850000000002183,88.03756496018151
2025-05-16 13:20:00,25010.95,25015.4,25005.5,25008.5,0,5.849999999998545,96.93572625762988
2025-05-16 13:25:00,25008.25,25034.8,25007.45,25029.75,0,34.099999999998545,96.93572625762988
2025-05-16 13:30:00,25029.9,25031.9,25018.65,25020.2,0,18.650000000001455,85.90685593333431
2025-05-16 13:35:00,25021.1,25025.6,25015.35,25016.75,0,14.049999999999272,74.08798548524923
2025-05-16 13:40:00,25017.0,25017.3,24997.25,25001.25,0,-2.900000000001455,43.28261785709441
2025-05-16 13:45:00,24999.9,25012.3,24994.45,25008.35,0,19.399999999997817,29.95015653827335
2025-05-16 13:50:00,25008.6,25020.3,25008.05,25016.7,0,18.150000000001455,27.65987750513284
2025-05-16 13:55:00,25017.05,25020.3,25010.6,25014.2,0,17.150000000001455,38.574584162016286
2025-05-16 14:00:00,25014.55,25022.5,25010.25,25020.75,0,13.950000000000728,48.83759712577205
2025-05-16 14:05:00,25020.95,25031.5,25019.15,25026.75,0,16.349999999998545,56.28651789854033
2025-05-16 14:10:00,25027.0,25032.95,25018.1,25019.95,0,11.450000000000728,57.522446352647336
2025-05-16 14:15:00,25019.6,25025.05,24999.7,25002.1,0,-27.650000000001455,38.28743169867486
2025-05-16 14:20:00,25003.4,25015.4,25000.3,25013.5,0,-6.700000000000728,24.72696482144853
2025-05-16 14:25:00,25013.55,25018.95,25002.3,25003.1,0,-13.650000000001455,10.902413921919907
2025-05-16 14:30:00,25002.7,25004.5,24992.35,25000.3,0,-0.9500000000007276,10.902413921919907
2025-05-16 14:35:00,25001.9,25018.0,24996.1,25015.8,0,7.450000000000728,17.969975805503335
2025-05-16 14:40:00,25015.7,25019.8,25011.85,25014.95,0,-1.75,33.20939571750302
2025-05-16 14:45:00,25014.4,25017.9,25008.7,25010.35,0,-3.850000000002183,43.62223777793232
2025-05-16 14:50:00,25011.05,25019.45,25008.35,25013.1,0,-7.650000000001455,40.183754733620525
2025-05-16 14:55:00,25013.4,25016.5,25005.3,25011.9,0,-14.849999999998545,36.13962989698023
2025-05-16 15:00:00,25012.3,25027.7,25011.65,25023.25,0,3.2999999999992724,51.41297058659418
2025-05-16 15:05:00,25023.65,25032.9,25020.05,25032.9,0,30.80000000000291,71.06886107537632
2025-05-16 15:10:00,25033.15,25034.5,25023.55,25024.2,0,10.700000000000728,80.43681068484965
2025-05-16 15:15:00,25025.45,25025.6,25015.35,25017.0,0,13.900000000001455,67.030289896753
2025-05-16 15:20:00,25017.5,25018.3,25010.8,25015.95,0,15.650000000001455,44.64965458054129
2025-05-16 15:25:00,25015.0,25018.9,25002.7,25013.1,0,-2.7000000000007276,30.45732717307021
2025-05-19 09:15:00,25005.35,25058.7,24965.8,25026.5,0,11.549999999999272,41.25359046270144
2025-05-19 09:20:00,25027.85,25047.15,25006.15,25044.85,0,34.5,63.634225778913155
2025-05-19 09:25:00,25043.7,25043.7,25003.35,25014.45,0,1.3500000000021828,56.40925858491116
2025-05-19 09:30:00,25014.15,25056.55,25013.5,25032.9,0,21.0,48.490303390638836
2025-05-19 09:35:00,25032.95,25033.95,24983.4,24984.5,0,-38.75,15.1569700573055
2025-05-19 09:40:00,24984.65,25022.45,24978.0,25009.25,0,-23.650000000001455,26.265460786855368
2025-05-19 09:45:00,25008.75,25019.75,24994.55,25018.1,0,-6.100000000002183,25.780428993483778
2025-05-19 09:50:00,25018.65,25029.3,25006.65,25014.8,0,-2.2000000000007276,39.05885375311832
2025-05-19 09:55:00,25014.4,25016.55,24996.25,25013.1,0,-2.850000000002183,40.47747112532566
2025-05-19 10:00:00,25013.65,25035.65,25002.05,25032.1,0,19.0,46.463448908803315
2025-05-19 10:05:00,25032.6,25043.95,25026.45,25042.75,0,16.25,57.95363379364673
2025-05-19 10:10:00,25042.5,25049.4,25034.4,25040.85,0,-4.0,69.19351605484886
2025-05-19 10:15:00,25040.2,25062.95,25038.65,25041.1,0,26.649999999997817,72.40791254566605
2025-05-19 10:20:00,25040.4,25055.75,25038.85,25052.6,0,19.69999999999709,76.32850595892471
2025-05-19 10:25:00,25053.4,25058.15,25015.65,25024.1,0,39.599999999998545,66.16854656320226
2025-05-19 10:30:00,25023.25,25035.65,25015.4,25023.75,0,14.5,57.913369243909024
2025-05-19 10:35:00,25024.1,25026.75,25011.1,25011.7,0,-6.399999999997817,38.25626473916353
2025-05-19 10:40:00,25011.8,25018.7,25001.95,25003.35,0,-11.450000000000728,29.38172270774658
2025-05-19 10:45:00,25003.75,25012.75,24999.45,25012.7,0,-0.3999999999978172,20.634212774143023
2025-05-19 10:50:00,25012.5,25039.9,25008.25,25036.3,0,4.200000000000728,33.53563913656671
2025-05-19 10:55:00,25035.95,25040.6,25032.05,25034.8,0,-7.950000000000728,49.676258194002145
2025-05-19 11:00:00,25034.9,25042.75,25023.5,25041.85,0,1.0,67.96209642413382
2025-05-19 11:05:00,25041.7,25045.85,25035.25,25039.5,0,-1.5999999999985448,69.3237924764908
2025-05-19 11:10:00,25039.9,25040.9,25022.3,25027.05,0,-25.549999999999272,62.19554767280513
2025-05-19 11:15:00,25026.55,25043.1,25024.4,25038.0,0,13.900000000001455,58.234277422936565
2025-05-19 11:20:00,25038.05,25039.65,25023.1,25025.15,0,1.4000000000014552,46.64876740521684
2025-05-19 11:25:00,25025.2,25029.0,25023.0,25026.05,0,14.349999999998545,45.27141986347959
2025-05-19 11:30:00,25026.15,25030.35,25009.5,25010.85,0,7.5,26.36789696558836
2025-05-19 11:35:00,25010.5,25020.8,25008.5,25013.3,0,0.5999999999985448,19.604304435211173
2025-05-19 11:40:00,25013.0,25017.25,25006.95,25008.8,0,-27.5,7.984144265413296
2025-05-19 11:45:00,25008.1,25012.45,24999.4,24999.9,0,-34.89999999999782,5.69347389770945
2025-05-19 11:50:00,24999.95,25025.1,24998.95,25019.9,0,-21.94999999999709,19.02428402069824
2025-05-19 11:55:00,25019.8,25022.35,25000.75,25001.75,0,-37.75,23.35457876982755
2025-05-19 12:00:00,25001.6,25003.75,24979.65,24983.05,0,-44.0,23.35457876982755
2025-05-19 12:05:00,24983.15,24996.3,24982.1,24987.95,0,-50.04999999999927,8.77622144282527
2025-05-19 12:10:00,24988.4,24992.7,24979.1,24987.5,0,-37.650000000001455,7.3450404759859005
2025-05-19 12:15:00,24987.4,24998.85,24972.25,24997.05,0,-29.0,19.677311719456597
2025-05-19 12:20:00,24997.85,25012.05,24997.0,25008.85,0,-2.0,37.91986486425309
2025-05-19 12:25:00,25008.7,25017.5,25004.45,25010.55,0,-2.75,66.26033442903099
2025-05-19 12:30:00,25009.85,25014.45,25005.65,25009.35,0,0.5499999999992724,84.56263800544339
2025-05-19 12:35:00,25009.45,25011.8,25000.1,25001.7,0,1.7999999999992724,85.55391063155405
2025-05-19 12:40:00,25001.55,25007.7,24999.95,25003.4,0,-16.5,78.83201992635763
2025-05-19 12:45:00,25003.2,25009.7,24997.85,25005.2,0,3.4500000000007276,76.04089560462513
2025-05-19 12:50:00,25004.85,25018.6,25003.15,25014.2,0,31.150000000001455,86.44183195138997
2025-05-19 12:55:00,25013.75,25016.55,25010.0,25012.1,0,24.149999999997817,91.97853192904432
2025-05-19 13:00:00,25011.25,25016.1,24995.75,25001.55,0,14.049999999999272,82.81687318519904
2025-05-19 13:05:00,25001.45,25004.35,24983.35,24983.5,0,-13.549999999999272,51.06471249738279
2025-05-19 13:10:00,24983.65,24986.0,24975.95,24980.55,0,-28.299999999999272,20.262964399822433
2025-05-19 13:15:00,24980.45,24989.7,24974.7,24983.05,0,-27.5,5.018097698113024
2025-05-19 13:20:00,24982.35,25006.1,24981.85,25002.5,0,-6.849999999998545,30.423830683795618
2025-05-19 13:25:00,25002.45,25003.65,24988.8,24996.45,0,-5.25,51.33193754975853
2025-05-19 13:30:00,24996.0,25004.0,24984.05,24989.75,0,-13.650000000001455,62.32750470957952
2025-05-19 13:35:00,24991.1,24993.0,24981.6,24991.45,0,-13.75,51.86176497496123
2025-05-19 13:40:00,24990.85,24992.95,24978.25,24981.5,0,-32.70000000000073,37.873323617403805
2025-05-19 13:45:00,24982.6,24985.45,24972.0,24974.75,0,-37.349999999998545,24.36718860214101
2025-05-19 13:50:00,24977.65,24984.8,24970.45,24983.4,0,-18.149999999997817,20.282741376022596
2025-05-19 13:55:00,24982.75,24984.7,24972.55,24975.0,0,-8.5,18.011941120006014
2025-05-19 14:00:00,24974.45,24977.9,24943.8,24949.5,0,-31.049999999999272,17.08558392285188
2025-05-19 14:05:00,24952.45,24954.1,24934.25,24940.5,0,-42.54999999999927,4.64886525238891
2025-05-19 14:10:00,24942.25,24942.25,24919.3,24940.35,0,-62.150000000001455,0.0
2025-05-19 14:15:00,24940.2,24960.2,24935.75,24958.7,0,-37.75,17.018327543777538
2025-05-19 14:20:00,24958.75,24960.55,24944.6,24947.0,0,-42.75,28.02442191021714
2025-05-19 14:25:00,24950.2,24951.7,24935.1,24938.85,0,-52.60000000000218,35.17756563304936
2025-05-19 14:30:00,24938.5,24946.55,24932.55,24943.3,0,-38.20000000000073,30.97674645936438
2025-05-19 14:35:00,24945.2,24948.2,24938.65,24942.5,0,-32.25,33.7992423726394
2025-05-19 14:40:00,24942.15,24949.65,24938.55,24940.2,0,-43.20000000000073,38.839444319032
2025-05-19 14:45:00,24941.3,24942.8,24916.65,24929.85,0,-45.150000000001455,31.814354350427028
2025-05-19 14:50:00,24931.55,24937.35,24919.0,24922.15,0,-27.349999999998545,18.379950704959445
2025-05-19 14:55:00,24923.2,24931.7,24921.4,24926.45,0,-14.049999999999272,13.40611495358705
2025-05-19 15:00:00,24926.95,24958.5,24926.2,24948.65,0,8.30000000000291,40.94702988543279
2025-05-19 15:05:00,24947.9,24956.15,24936.25,24945.25,0,-13.450000000000728,71.03229094818188
2025-05-19 15:10:00,24945.65,24949.5,24942.5,24945.65,0,-1.3499999999985448,94.74835882383347
2025-05-19 15:15:00,24945.35,24946.85,24940.3,24945.4,0,6.55000000000291,92.11453840675144
2025-05-19 15:20:00,24944.85,24947.95,24939.75,24945.25,0,1.9500000000007276,92.15280035280902
2025-05-19 15:25:00,24944.8,24951.65,24927.45,24935.35,0,-7.150000000001455,81.93156467705954
2025-05-20 09:15:00,24996.2,25010.35,24968.0,24976.15,0,35.95000000000073,84.56538509414158
2025-05-20 09:20:00,24975.6,24985.05,24936.0,24960.0,0,30.150000000001455,79.37950241126947
2025-05-20 09:25:00,24960.6,24971.5,24934.45,24935.65,0,13.5,74.33492824418927
2025-05-20 09:30:00,24935.4,24956.9,24916.75,24935.55,0,9.099999999998545,56.63543428839338
2025-05-20 09:35:00,24935.1,24961.7,24932.25,24956.45,0,7.799999999999272,56.19121372212597
2025-05-20 09:40:00,24956.35,24956.95,24913.9,24915.75,0,-29.5,51.96823159092336
2025-05-20 09:45:00,24916.15,24916.15,24887.6,24898.05,0,-47.60000000000218,40.47515878433638
2025-05-20 09:50:00,24898.3,24906.05,24863.4,24873.7,0,-71.70000000000073,15.587552390422173
2025-05-20 09:55:00,24873.5,24897.45,24867.25,24894.05,0,-51.20000000000073,12.723555126584221
2025-05-20 10:00:00,24893.65,24895.45,24874.3,24892.5,0,-42.849999999998545,16.77692618441907
2025-05-20 10:05:00,24891.9,24909.85,24886.1,24897.0,0,-79.15000000000146,26.898582243851806
2025-05-20 10:10:00,24897.05,24902.2,24888.6,24899.4,0,-60.599999999998545,29.502170921866025
2025-05-20 10:15:00,24899.5,24902.6,24879.0,24892.45,0,-43.20000000000073,30.379869388399012
2025-05-20 10:20:00,24892.8,24896.8,24889.6,24890.9,0,-44.64999999999782,28.848202815522654
2025-05-20 10:25:00,24890.85,24902.5,24884.5,24889.1,0,-67.35000000000218,28.38206457223839
2025-05-20 10:30:00,24888.55,24899.5,24887.4,24895.3,0,-20.450000000000728,34.8916437566219
2025-05-20 10:35:00,24894.15,24932.0,24893.75,24929.0,0,30.950000000000728,59.63498760339886
2025-05-20 10:40:00,24928.85,24935.15,24922.9,24927.0,0,53.29999999999927,81.18829653571781
2025-05-20 10:45:00,24927.25,24967.25,24926.65,24947.4,0,53.35000000000218,98.94021458934935
2025-05-20 10:50:00,24947.1,24951.35,24927.8,24927.95,0,35.45000000000073,90.74566399220407
2025-05-20 10:55:00,24928.25,24932.65,24917.15,24930.85,0,33.849999999998545,84.70026987834729
2025-05-20 11:00:00,24932.0,24946.55,24920.3,24930.5,0,31.099999999998545,75.14425055018997
2025-05-20 11:05:00,24930.95,24935.9,24925.15,24926.35,0,33.89999999999782,71.31720203769797
2025-05-20 11:10:00,24927.35,24927.85,24905.95,24920.75,0,29.849999999998545,63.058421948323364
2025-05-20 11:15:00,24921.05,24921.05,24895.2,24902.55,0,13.450000000000728,47.390410910861
2025-05-20 11:20:00,24900.9,24902.4,24888.6,24892.55,0,-2.75,29.412044747065107
2025-05-20 11:25:00,24893.15,24905.35,24889.7,24890.55,0,-38.45000000000073,13.83048344268439
2025-05-20 11:30:00,24890.8,24895.7,24876.7,24894.65,0,-32.349999999998545,11.206820360311255
2025-05-20 11:35:00,24895.5,24901.15,24881.1,24881.95,0,-65.45000000000073,7.873452300411092
2025-05-20 11:40:00,24882.15,24882.9,24865.05,24870.3,0,-57.650000000001455,5.485639885340522
2025-05-20 11:45:00,24869.7,24879.75,24863.75,24870.15,0,-60.69999999999709,0.0
2025-05-20 11:50:00,24870.95,24881.75,24845.95,24858.3,0,-72.20000000000073,0.0
2025-05-20 11:55:00,24859.45,24862.75,24844.55,24862.5,0,-63.849999999998545,3.609622768848706
2025-05-20 12:00:00,24862.6,24876.45,24859.4,24868.95,0,-51.79999999999927,12.690307717532734
2025-05-20 12:05:00,24869.1,24887.9,24865.5,24885.1,0,-17.450000000000728,34.15572241959338
2025-05-20 12:10:00,24886.25,24887.3,24856.35,24859.2,0,-33.349999999998545,40.32759311785167
2025-05-20 12:15:00,24862.0,24867.75,24855.2,24860.1,0,-30.450000000000728,42.9330180290227
2025-05-20 12:20:00,24860.7,24865.95,24854.15,24858.35,0,-36.30000000000291,35.369981644224275
2025-05-20 12:25:00,24858.85,24866.15,24852.05,24862.35,0,-19.600000000002183,44.4912841555089
2025-05-20 12:30:00,24862.65,24876.2,24858.8,24866.35,0,-3.9500000000007276,56.74619598516222
2025-05-20 12:35:00,24866.4,24870.95,24861.7,24864.4,0,-5.75,65.0582335659153
2025-05-20 12:40:00,24863.25,24870.35,24849.9,24859.6,0,1.2999999999992724,64.06817362406211
2025-05-20 12:45:00,24860.65,24865.05,24825.05,24832.05,0,-30.450000000000728,40.127151934553744
2025-05-20 12:50:00,24829.75,24838.15,24801.75,24809.9,0,-59.04999999999927,17.912736036538437
2025-05-20 12:55:00,24810.1,24815.9,24780.65,24792.5,0,-92.59999999999854,0.0
2025-05-20 13:00:00,24792.25,24807.85,24788.6,24792.95,0,-66.25,0.3780547591269466
2025-05-20 13:05:00,24793.6,24814.65,24787.2,24788.2,0,-71.89999999999782,0.3780547591269466
2025-05-20 13:10:00,24788.5,24806.15,24784.05,24790.7,0,-67.64999999999782,2.641083473342625
2025-05-20 13:15:00,24790.45,24793.25,24765.4,24766.65,0,-95.69999999999709,2.2630287142156735
2025-05-20 13:20:00,24766.75,24786.35,24766.75,24776.0,0,-90.34999999999854,10.62674901139068
2025-05-20 13:25:00,24776.25,24789.4,24772.6,24781.0,0,-83.40000000000146,21.060307501149776
2025-05-20 13:30:00,24781.05,24795.1,24775.55,24781.3,0,-78.29999999999927,34.02595081022116
2025-05-20 13:35:00,24781.25,24781.95,24766.85,24772.45,0,-59.599999999998545,35.58014506482947
2025-05-20 13:40:00,24772.3,24777.15,24750.65,24762.2,0,-47.70000000000073,29.777354143903192
2025-05-20 13:45:00,24761.8,24783.0,24753.85,24776.2,0,-16.299999999999272,38.633285699230946
2025-05-20 13:50:00,24776.05,24784.55,24771.9,24775.45,0,-17.5,61.52693437580053
2025-05-20 13:55:00,24775.05,24778.15,24767.1,24767.95,0,-20.25,82.20132813082431
2025-05-20 14:00:00,24767.5,24770.25,24745.8,24751.2,0,-39.5,77.62712275399284
2025-05-20 14:05:00,24750.75,24752.2,24728.1,24735.5,0,-31.150000000001455,54.022322057359766
2025-05-20 14:10:00,24735.4,24743.35,24729.15,24738.35,0,-37.650000000001455,40.24417415959524
2025-05-20 14:15:00,24737.1,24745.6,24726.75,24727.5,0,-53.5,31.288422548423597
2025-05-20 14:20:00,24727.35,24729.7,24707.55,24713.95,0,-67.34999999999854,24.26544640915488
2025-05-20 14:25:00,24714.05,24716.15,24700.9,24704.1,0,-68.35000000000218,10.475404268847159
2025-05-20 14:30:00,24704.0,24708.55,24696.8,24707.95,0,-54.25,8.365449171500183
2025-05-20 14:35:00,24709.1,24710.95,24699.9,24707.1,0,-69.10000000000218,11.981389440860488
2025-05-20 14:40:00,24707.05,24707.1,24676.6,24681.9,0,-93.54999999999927,11.981389440860488
2025-05-20 14:45:00,24681.65,24707.05,24679.15,24699.15,0,-68.79999999999927,28.275249323648936
2025-05-20 14:50:00,24699.8,24706.7,24688.7,24689.25,0,-61.95000000000073,40.719841967137064
2025-05-20 14:55:00,24688.65,24691.7,24675.95,24677.3,0,-58.20000000000073,54.43857505822626
2025-05-20 15:00:00,24677.25,24695.2,24674.95,24680.15,0,-58.19999999999709,52.0439083782324
2025-05-20 15:05:00,24679.8,24686.8,24669.7,24686.2,0,-41.29999999999927,67.13292240626618
2025-05-20 15:10:00,24685.45,24703.55,24684.2,24693.1,0,-20.850000000002183,86.74752264851031
2025-05-20 15:15:00,24692.85,24693.7,24672.05,24676.65,0,-27.44999999999709,91.41910953460331
2025-05-20 15:20:00,24676.6,24688.9,24675.9,24683.15,0,-24.799999999999272,90.68872762700526
2025-05-20 15:25:00,24682.75,24713.85,24682.45,24713.85,0,6.75,90.68872762700526
2025-05-21 09:15:00,24744.25,24766.15,24700.3,24723.15,0,41.25,99.26961809240196
2025-05-21 09:20:00,24723.55,24753.4,24705.6,24706.9,0,7.75,94.73609425286224
2025-05-21 09:25:00,24706.35,24746.05,24692.65,24738.3,0,49.04999999999927,94.73609425286224
2025-05-21 09:30:00,24738.2,24776.1,24722.5,24771.75,0,94.45000000000073,94.73609425286224
2025-05-21 09:35:00,24772.6,24808.75,24765.15,24807.75,0,127.59999999999854,100.0
2025-05-21 09:40:00,24807.95,24817.05,24791.65,24796.65,0,110.45000000000073,97.40820763804759
2025-05-21 09:45:00,24795.7,24839.75,24794.3,24829.25,0,136.15000000000146,97.40820763804759
2025-05-21 09:50:00,24830.65,24844.3,24818.6,24842.05,0,165.39999999999782,97.40820763804759
2025-05-21 09:55:00,24841.5,24843.45,24807.25,24815.9,0,132.75,93.97911375946273
2025-05-21 10:00:00,24815.85,24841.45,24811.25,24832.35,0,118.5,89.95103328466917
2025-05-21 10:05:00,24833.15,24861.85,24827.4,24860.15,0,137.0,88.92568824240205
2025-05-21 10:10:00,24860.05,24870.2,24852.25,24869.2,0,162.29999999999927,94.81098938850148
2025-05-21 10:15:00,24869.85,24905.6,24869.85,24892.8,0,154.5,98.83906986329505
2025-05-21 10:20:00,24893.1,24911.9,24892.9,24905.95,0,134.20000000000073,99.86441490556217
2025-05-21 10:25:00,24906.35,24914.2,24884.0,24893.65,0,85.90000000000146,95.90260456083672
2025-05-21 10:30:00,24893.6,24905.05,24892.85,24904.25,0,107.59999999999854,91.98789435015152
2025-05-21 10:35:00,24904.3,24946.2,24904.3,24933.35,0,104.09999999999854,91.98789435015152
2025-05-21 10:40:00,24932.95,24943.95,24914.1,24916.1,0,74.04999999999927,81.9310014523033
2025-05-21 10:45:00,24916.2,24923.4,24905.95,24923.15,0,107.25,74.07756282355761
2025-05-21 10:50:00,24923.55,24936.05,24912.9,24915.85,0,83.5,56.174174143266534
2025-05-21 10:55:00,24916.15,24928.65,24909.05,24914.8,0,54.64999999999782,51.51025931751144
2025-05-21 11:00:00,24915.05,24921.45,24878.8,24878.8,0,9.599999999998545,29.945074823609016
2025-05-21 11:05:00,24878.6,24903.4,24858.05,24902.6,0,9.799999999999272,22.446305660568232
2025-05-21 11:10:00,24903.05,24917.0,24894.55,24896.95,0,-9.0,12.964317039278676
2025-05-21 11:15:00,24896.3,24912.55,24893.8,24909.4,0,15.75,22.1454535318862
2025-05-21 11:20:00,24909.45,24914.4,24869.0,24869.9,0,-34.349999999998545,14.214278041884711
2025-05-21 11:25:00,24869.75,24886.15,24865.8,24871.0,0,-62.349999999998545,9.511088609889594
2025-05-21 11:30:00,24871.3,24875.2,24845.8,24851.55,0,-64.54999999999927,0.3299521172820705
2025-05-21 11:35:00,24851.65,24866.45,24833.6,24863.5,0,-59.650000000001455,3.652542053585521
2025-05-21 11:40:00,24863.75,24878.85,24852.3,24853.05,0,-62.79999999999927,3.692042551084844
2025-05-21 11:45:00,24853.15,24854.85,24819.0,24823.7,0,-91.09999999999854,3.692042551084844
2025-05-21 11:50:00,24823.6,24834.3,24812.4,24826.85,0,-51.95000000000073,1.323057247039377
2025-05-21 11:55:00,24826.7,24834.8,24825.4,24827.85,0,-74.75,2.339779313208878
2025-05-21 12:00:00,24828.55,24829.35,24780.45,24781.55,0,-115.40000000000146,2.339779313208878
2025-05-21 12:05:00,24780.15,24794.4,24777.35,24778.55,0,-130.85000000000218,1.3861746809508946
2025-05-21 12:10:00,24779.15,24781.0,24727.1,24733.45,0,-136.45000000000073,0.0
2025-05-21 12:15:00,24735.45,24736.55,24685.35,24713.25,0,-157.75,0.0
2025-05-21 12:20:00,24713.7,24767.4,24710.15,24760.25,0,-91.29999999999927,11.175963046489757
2025-05-21 12:25:00,24760.3,24762.0,24717.0,24743.05,0,-120.45000000000073,23.532940718916436
2025-05-21 12:30:00,24744.15,24775.0,24742.5,24766.55,0,-86.5,42.52280968418003
2025-05-21 12:35:00,24766.15,24808.5,24763.0,24795.7,0,-28.0,59.474473880491665
2025-05-21 12:40:00,24796.1,24803.4,24776.75,24780.3,0,-46.54999999999927,71.84636904302704
2025-05-21 12:45:00,24780.15,24785.55,24751.55,24771.7,0,-56.14999999999782,78.16555082613628
2025-05-21 12:50:00,24773.2,24774.75,24737.3,24737.35,0,-44.20000000000073,68.95860486794895
2025-05-21 12:55:00,24737.25,24780.4,24736.3,24776.6,0,-1.9500000000007276,75.66372923980039
2025-05-21 13:00:00,24775.6,24790.05,24767.35,24789.2,0,55.75,83.68801182476088
2025-05-21 13:05:00,24789.25,24802.35,24778.15,24783.65,0,70.40000000000146,96.667890410685
2025-05-21 13:10:00,24784.35,24804.15,24780.8,24800.05,0,39.79999999999927,98.56722653720483
2025-05-21 13:15:00,24800.2,24831.05,24793.2,24826.55,0,83.5,98.56722653720483
2025-05-21 13:20:00,24826.35,24839.35,24810.15,24812.1,0,45.54999999999927,96.70664115212635
2025-05-21 13:25:00,24812.05,24815.4,24775.1,24775.1,0,-20.600000000002183,80.23955242252909
2025-05-21 13:30:00,24776.1,24802.75,24776.1,24801.95,0,21.650000000001455,72.26426884114301
2025-05-21 13:35:00,24801.85,24815.15,24769.0,24786.35,0,14.649999999997817,61.35872956874169
2025-05-21 13:40:00,24786.4,24788.6,24758.5,24762.8,0,25.450000000000728,56.171401310839315
2025-05-21 13:45:00,24762.6,24785.2,24761.15,24784.55,0,7.950000000000728,50.52488950163045
2025-05-21 13:50:00,24784.9,24787.6,24773.7,24784.3,0,-4.900000000001455,51.01642208666785
2025-05-21 13:55:00,24785.0,24793.8,24774.75,24777.3,0,-6.350000000002183,56.45345332000829
2025-05-21 14:00:00,24777.6,24780.5,24740.8,24746.55,0,-53.5,36.74191537726992
2025-05-21 14:05:00,24746.65,24771.95,24746.65,24770.45,0,-56.099999999998545,29.454611361095022
2025-05-21 14:10:00,24771.55,24799.2,24763.35,24799.2,0,-12.899999999997817,37.855103582573854
2025-05-21 14:15:00,24799.1,24804.05,24789.35,24793.7,0,18.600000000002183,60.785727495818094
2025-05-21 14:20:00,24794.9,24819.35,24792.0,24803.05,0,1.0999999999985448,75.70224602574935
2025-05-21 14:25:00,24803.7,24813.3,24798.25,24808.75,0,22.400000000001455,83.5191395584297
2025-05-21 14:30:00,24808.8,24818.95,24803.85,24808.8,0,46.0,93.92184897851878
2025-05-21 14:35:00,24807.95,24819.6,24802.95,24807.2,0,22.650000000001455,98.91036497816678
2025-05-21 14:40:00,24807.0,24813.0,24780.65,24785.55,0,1.25,83.5788636333068
2025-05-21 14:45:00,24786.1,24806.0,24785.95,24798.7,0,21.400000000001455,76.77502821380115
2025-05-21 14:50:00,24799.3,24813.9,24790.15,24810.95,0,64.40000000000146,77.86466323563438
2025-05-21 14:55:00,24810.35,24812.9,24796.35,24807.0,0,36.54999999999927,90.40044932679898
2025-05-21 15:00:00,24807.6,24828.45,24807.2,24816.75,0,17.549999999999272,97.20428474630461
2025-05-21 15:05:00,24816.7,24829.85,24815.0,24828.4,0,34.70000000000073,97.20428474630461
2025-05-21 15:10:00,24827.45,24827.75,24803.65,24809.4,0,6.350000000002183,83.97249345339507
2025-05-21 15:15:00,24809.25,24815.7,24806.5,24811.45,0,2.7000000000007276,67.15131054801013
2025-05-21 15:20:00,24811.05,24819.95,24794.85,24797.45,0,-11.349999999998545,37.00473485144057
2025-05-21 15:25:00,24796.65,24806.5,24796.5,24800.95,0,-6.25,26.26984176446101
